accountNumber,accountType,iban,branchCode,accountHolderName,openingDate,status,balance
1001,Savings,TN5914207099123456789012,1,Ahmed Ben Ali,15/01/2023,active,5000.5
1002,Checking,TN5914207099987654321098,2,Fatma Trabelsi,20/06/2022,active,12000
1003,Savings,TN5914207099555666777888,1,Mohamed Ksouri,10/03/2021,active,8500.75
1004,Business,TN5914207099111222333444,3,Sarra Mejri,22/05/2023,active,25000
1005,Checking,TN5914207099999888777666,2,Karim Hamdi,08/11/2020,active,3200
1006,Savings,TN5914207099444555666777,1,Amira Ben Salem,14/09/2022,inactive,1500
1007,Checking,TN5914207099222333444555,3,Youssef Gharbi,30/07/2023,active,6800
1008,Savings,TN5914207099888999000111,1,Leila Bouaziz,05/12/2021,active,15000
1009,Business,TN5914207099333444555666,2,Nabil Cherni,18/04/2022,active,45000
1010,Checking,TN5914207099666777888999,3,Rim Mansour,25/02/2023,closed,0
1011,Savings,TN5914207099777888999000,1,Mehdi Jlassi,12/08/2020,active,7200
1012,Checking,TN5914207099000111222333,2,Asma Khelifi,03/09/2023,active,4500
1020,student,5199844201,1,Rayan,26/12/2025,active,800000
