transactionID,accountNumber,type,amount,date
7016,1005,deposit,900,28/11/2024
7017,1006,deposit,500,29/11/2024
7018,1007,withdrawal,300,29/11/2024
7019,1008,withdrawal,450,29/11/2024
7020,1009,deposit,2500,30/11/2024
7021,1010,withdrawal,100,30/11/2024
7022,1011,withdrawal,200,01/12/2024
7023,1012,deposit,600,01/12/2024
7024,1001,withdrawal,350,02/12/2024
7025,1002,deposit,1500,02/12/2024
7026,1003,withdrawal,700,03/12/2024
7027,1004,deposit,2200,03/12/2024
7028,1007,deposit,900,04/12/2024
7029,1008,deposit,1100,04/12/2024
7030,1009,withdrawal,1200,05/12/2024
